0,Phuc,Le,phuc@mail.com,Olympiakatu 12 C1
1,Phuc,Le,phuc@mail.com,Olympiakatu 12 C1
2,Tram,Nguyen,tram@mail.com,Vuorikatu
3,Phuc,Le,phuc@mail.com,Olympiakatu 12 C1
4,Phuc,Le,phuc@mail.com,Olympiakatu 12 C1
5,Phuc,Le,phuc@mail.com,Olympiakatu 12 C1
6,Phuc,Le,phuc@mail.com,Olympiakatu 12 C1
7,Phuc,Le,phuc@mail.com,Olympiakatu 12 C1
8,Phuc,Le,phuc@mail.com,Olympiakatu 12 C1
9,Phuc,Le,phuc@mail.com,Olympiakatu 12 C1
10,Phuc,Le,phuc@mail.com,Olympiakatu 12 C1
11,Phuc,Le,phuc@mail.com,Olympiakatu 12 C1
